<?xml version="1.0" encoding="UTF-8"?>
<beans xmlns="http://www.springframework.org/schema/beans"
       xmlns:xsi="http://www.w3.org/2001/XMLSchema-instance"
       xmlns:jaxws="http://cxf.apache.org/jaxws"
       xsi:schemaLocation="http://www.springframework.org/schema/beans http://www.springframework.org/schema/beans/spring-beans.xsd
    http://cxf.apache.org/jaxws http://cxf.apache.org/schemas/jaxws.xsd">

    <!-- The qualified name of the demo service in the service WSDL -->
    <bean id="BasicEmployeeQName" class="javax.xml.namespace.QName">
        <constructor-arg index="0">
            <value>http://merge.com/icc/demos/services/employee/basic/</value>
        </constructor-arg>
        <constructor-arg index="1">
            <value>BasicEmployee</value>
        </constructor-arg>
    </bean>
    <!-- The qualified name of the service endpoint in the service WSDL -->
    <bean id="BasicEmployeePortQName" class="javax.xml.namespace.QName">
        <constructor-arg index="0">
            <value>http://merge.com/icc/demos/services/employee/basic/</value>
        </constructor-arg>
        <constructor-arg index="1">
            <value>ICCStandardBinding_IBasicEmployee</value>
        </constructor-arg>
    </bean>
    <!-- The location of the WSDL for the demo service -->
    <bean id="BasicEmployeeWsdlURL" class="java.net.URL">
        <constructor-arg>
            <value>${service.url}</value>
        </constructor-arg>
    </bean>

    <!-- The proxy info bean is used by the ServiceFactory to look up the information 
                required to create the service proxy. The naming of the bean must be <ServiceInterface>ProxyInfo 
                for the ServiceFactory to function correctly. -->
    <bean id="IBasicEmployeeProxyInfo" class="icc.core.client.proxy.ProxyInfo">
        <property name="wsdlUrl" ref="BasicEmployeeWsdlURL"/>
        <property name="serviceQName" ref="BasicEmployeeQName"/>
        <property name="portQName" ref="BasicEmployeePortQName"/>
    </bean>

    <!-- Jax Client Definitions -->
    <!-- IMergeDemoService configuration -->
    <jaxws:client
            name="{http://merge.com/icc/demos/services/employee/basic/}ICCStandardBinding_IBasicEmployee"
            createdFromAPI="true">
        <jaxws:properties>
            <entry key="ws-security.encryption.properties" value-ref="clientEncProps"/>
            <!-- The username to use for accessing the encryption certificate store -->
            <entry key="ws-security.encryption.username" value="icc-service-identity"/>
            <entry key="ws-security.sts.client" value-ref="PrimarySTSClient"/>
            <entry key="ws-security.timestamp.timeToLive" value="60"/>
            <entry key="ws-security.timestamp.futureTimeToLive" value="60"/>
            <entry key="ws-security.saml1.validator" value-ref="validator"/>
            <entry key="ws-security.timestamp.validator" value-ref="timestampValidator"/>
        </jaxws:properties>
    </jaxws:client>
</beans>
