<beans xmlns="http://www.springframework.org/schema/beans"
       xmlns:xsi="http://www.w3.org/2001/XMLSchema-instance" xmlns:cxf="http://cxf.apache.org/core"
       xmlns:util="http://www.springframework.org/schema/util"
       xsi:schemaLocation="http://cxf.apache.org/core http://cxf.apache.org/schemas/core.xsd
    http://www.springframework.org/schema/beans http://www.springframework.org/schema/beans/spring-beans.xsd
    http://www.springframework.org/schema/util
    http://www.springframework.org/schema/util/spring-util-2.0.xsd">


    <!-- Change these properties to point to a different service or a different sts -->
    <bean name="propertyPlaceholderConfigurer"
          class="org.springframework.beans.factory.config.PropertyPlaceholderConfigurer">
        <property name="properties">
            <util:properties>
                <prop key="service.url">http://localhost:8080/BasicEmployee/BasicEmployee?wsdl</prop>
                <prop key="sts.url">http://localhost:8080/BasicEmployeeSTS/basicemployeests</prop>
                <prop key="sts.wsdl">http://localhost:8080/BasicEmployeeSTS/basicemployeests?wsdl</prop>
                <prop key="sts.name">{http://merge.com/icc/demos/services/employee/basic/}basicemployeests
                </prop>
                <prop key="sts.endpoint">
                    {http://merge.com/icc/demos/services/employee/basic/}ICCUTBinding_ISecurityTokenService
                </prop>
                <!-- Net example
                <prop key="service.url">http://icc-interop/BasicEmployee/BasicEmployee.svc?wsdl</prop>
                <prop key="sts.url">http://icc-interop/BasicEmployeeSTS/BasicEmployeeSTS.svc</prop>
                <prop key="sts.wsdl">http://icc-interop/BasicEmployeeSTS/BasicEmployeeSTS.svc?wsdl</prop>
                <prop key="sts.name">{http://merge.com/icc/demos/services/employee/basic/}BasicEmployeeSTS</prop>
                <prop key="sts.endpoint">{http://merge.com/icc/demos/services/employee/basic/}ICCUTBinding_ISecurityTokenService</prop>
                 -->
            </util:properties>
        </property>
    </bean>

    <import resource="classpath:META-INF/cxf/cxf.xml"/>
    <import resource="STSInformation.xml"/>
    <import resource="DemoServiceInformation.xml"/>
    <import resource="LoggingConfiguration.xml"/>

    <bean id="validator" class="org.apache.wss4j.dom.validate.SamlAssertionValidator">
        <property name="futureTTL" value="60"/>
    </bean>

    <!-- Security And Session Management -->
    <bean id="tokenRequestManager" class="icc.core.security.session.TokenRequestSessionManager"
          scope="singleton">
        <constructor-arg>
            <value>${sts.url}</value>
        </constructor-arg>
        <constructor-arg>
            <value>urn:merge:icc:services:all</value>
        </constructor-arg>
    </bean>
    <bean id="userCredentialManager" class="icc.core.security.session.UserCredentialsSessionManager"
          scope="singleton">
        <constructor-arg>
            <value>urn:merge:icc:services:all</value>
        </constructor-arg>
    </bean>
    <!-- define the session state manager singleton bean -->
    <bean id="sessionStateManagerBean" class="icc.core.session.SingleSessionStateManager"
          scope="singleton"/>
    <!-- define the security session manager singleton bean -->
    <bean id="securitySessionManagerBean" class="icc.core.security.session.SamlSecuritySessionManager"
          scope="singleton">
        <constructor-arg>
            <value>15</value>
        </constructor-arg>
        <constructor-arg>
            <value>60</value>
        </constructor-arg>
        <!-- Inject the session state manager as a member of the security session manager -->
        <property name="sessionStateManager" ref="sessionStateManagerBean"/>
    </bean>

    <!--
     This bean is defined in icc.xml currently due to its being used for all client encryption in the demo application.
     Typically, different encryption properties files would be desired for the different types of encryption and these
     would be defined in the appropriate xml configuration files (DemoServiceInformation.xml and STSInformation.xml)
     with different bean names and value information.
   -->
    <bean id="clientEncProps" class="java.lang.String">
        <constructor-arg>
            <value>keys/clientKeystore.properties</value>
        </constructor-arg>
    </bean>


    <bean id="timestampValidator" class="icc.core.security.validate.IccTimestampValidator">

        <property name="maxClockSkew" value="60"/>
    </bean>
    
    
    <!-- Service Configuration Management -->
    <cxf:bus>
        <!-- Uncomment the following feature section to see all information flow
                    from STS and service to client
            <cxf:features> <cxf:logging/> </cxf:features>-->

    </cxf:bus>

</beans>
