<?xml version="1.0" encoding="UTF-8"?>
<beans xmlns="http://www.springframework.org/schema/beans"
       xmlns:xsi="http://www.w3.org/2001/XMLSchema-instance"
       xsi:schemaLocation="http://www.springframework.org/schema/beans http://www.springframework.org/schema/beans/spring-beans.xsd">

    <bean id="clientEncUsername" class="java.lang.String">
        <constructor-arg>
            <value>icc-sts-identity</value>
        </constructor-arg>
    </bean>
    <bean id="stsEncProps" class="java.lang.String">
        <constructor-arg>
            <value>keys/clientKeystore.properties</value>
        </constructor-arg>
    </bean>
    <bean id="useCert" class="java.lang.String">
        <constructor-arg>
            <value>true</value>
        </constructor-arg>
    </bean>
    <bean id="tokenType" class="java.lang.String">
        <constructor-arg>
            <value>http://docs.oasis-open.org/wss/oasis-wss-saml-token-profile-1.1#SAMLV1.1</value>
        </constructor-arg>
    </bean>
    <bean id="keySize" class="java.lang.String">
        <constructor-arg>
            <value>256</value>
        </constructor-arg>
    </bean>

    <!-- STS Bean Definition -->
    <bean id="PrimarySTSClient" class="org.apache.cxf.ws.security.trust.STSClient" scope="prototype">
        <constructor-arg ref="cxf"/>

        <!-- STS CONFIGURATION REFERENCES -->
        <property name="wsdlLocation" value="${sts.wsdl}"/>
        <property name="serviceName" value="${sts.name}"/>
        <property name="endpointName" value="${sts.endpoint}"/>
        <!-- Configuration properties for the STS client -->
        <property name="properties">
            <map>
                <entry key="ws-security.encryption.properties" value-ref="clientEncProps"/>
                <entry key="ws-security.encryption.username" value-ref="clientEncUsername"/>
                <entry key="ws-security.sts.token.usecert" value-ref="useCert"/>
                <entry key="merge.icc.usePassword" value="true"/>
                <!-- Sets the amount of time, into the past and future, a message from the service will be accepted -->
                <entry key="ws-security.timestamp.timeToLive" value="60"/>
                <entry key="ws-security.timestamp.futureTimeToLive" value="60"/>

                <entry key="ws-security.timestamp.validator" value-ref="timestampValidator"/>
            </map>
        </property>
    </bean>

</beans>
