<?xml version="1.0" encoding="UTF-8"?>
<beans xmlns="http://www.springframework.org/schema/beans"
	xmlns:context="http://www.springframework.org/schema/context"
	xmlns:xsi="http://www.w3.org/2001/XMLSchema-instance"
	xsi:schemaLocation="http://www.springframework.org/schema/beans 
	http://www.springframework.org/schema/beans/spring-beans-3.2.xsd
	http://www.springframework.org/schema/context
	http://www.springframework.org/schema/context/spring-context-3.0.xsd">

	<!-- To enable autowire and other annotations -->
	<context:annotation-config />

	<!-- To enable auto scanning of the components annotated with @Component -->
	<context:component-scan base-package="com.citiustech.springcore, com.citiustech.jdbc" />
	
	<!-- To register every POJO class -->
	<bean id="audioBean1" class="com.citiustech.springcore.AudioMessage">
		<qualifier value="abc"></qualifier>
	</bean>
	<bean id="audioBean2" class="com.citiustech.springcore.AudioMessage">
	</bean>

	<bean
		class="org.springframework.beans.factory.annotation.AutowiredAnnotationBeanPostProcessor" />

	<!-- Configure DataSource -->
	<bean id="dataSource"
		class="org.springframework.jdbc.datasource.DriverManagerDataSource">
		<property name="driverClassName" value="com.mysql.jdbc.Driver" />
		<property name="url" value="jdbc:mysql://localhost:3306/Test" />
		<property name="username" value="root" />
		<property name="password" value="password" />
	</bean>

</beans>
