<?xml version="1.0" encoding="UTF-8"?>
<ruleset xmlns:xsi="http://www.w3.org/2001/XMLSchema-instance"
    name="Android Application Rules"
    xmlns="http://pmd.sf.net/ruleset/1.0.0"
    xsi:noNamespaceSchemaLocation="http://pmd.sf.net/ruleset_xml_schema.xsd"
    xsi:schemaLocation="http://pmd.sf.net/ruleset/1.0.0 http://pmd.sf.net/ruleset_xml_schema.xsd" >

    <description>Remove rules</description>

    <rule ref="rulesets/java/braces.xml" />
    <rule ref="rulesets/java/naming.xml/VariableNamingConventions">
		<properties>
		  <property name="violationSuppressXPath" value="//VariableDeclaratorId[@Image='logger']"/>
		</properties>
	</rule>
	<rule ref="rulesets/java/controversial.xml">
		<exclude name="AtLeastOneConstructor"/>
        <exclude name="DataflowAnomalyAnalysis"/>
	</rule>
    <rule ref="rulesets/java/design.xml" />

</ruleset>