<!DOCTYPE configuration>
<configuration scan="true" scanPeriod="3 seconds">
	<contextName>layouts</contextName>

	<appender name="STDOUT" class="ch.qos.logback.core.ConsoleAppender">
		<encoder>
			<pattern>
				<!-- %d{yyyy-MM-dd HH:mm:ss.SSS} [%thread][%-5level][%-45logger{32}] - %msg%n -->
				%d{MM-dd HH:mm:ss} [%-5level] [%-45logger{32}] - %msg%n
			</pattern>
		</encoder>
	</appender>

	<root level="INFO">
		<appender-ref ref="STDOUT" />
	</root>
	
	<logger name="com.citiustech.bookameetingroom" level="ALL" />
</configuration>