<beans xmlns="http://www.springframework.org/schema/beans"
	xmlns:xsi="http://www.w3.org/2001/XMLSchema-instance" xmlns:context="http://www.springframework.org/schema/context"
	xmlns:mvc="http://www.springframework.org/schema/mvc" xmlns:aop="http://www.springframework.org/schema/aop"
	xsi:schemaLocation="http://www.springframework.org/schema/mvc http://www.springframework.org/schema/mvc/spring-mvc-3.0.xsd
        http://www.springframework.org/schema/beans http://www.springframework.org/schema/beans/spring-beans-2.5.xsd
        http://www.springframework.org/schema/context http://www.springframework.org/schema/context/spring-context-2.5.xsd
        http://www.springframework.org/schema/aop http://www.springframework.org/schema/aop/spring-aop-3.0.xsd">

	<mvc:annotation-driven />
	<mvc:resources mapping="/app/**" location="/app/" />
	<mvc:default-servlet-handler />
	
	<context:component-scan base-package="com.merge.icc.client.javaapiclient.web" />
	<bean
		class="org.springframework.web.servlet.view.ContentNegotiatingViewResolver">
		<property name="mediaTypes">
			<map>
				<entry key="html" value="text/html" />
				<entry key="json" value="application/json" />
				<entry key="xml" value="application/xml" />
			</map>
		</property>
		<property name="viewResolvers">
			<list>
				<bean class="org.springframework.web.servlet.view.UrlBasedViewResolver">
					<property name="viewClass"
						value="org.springframework.web.servlet.view.JstlView" />
					<property name="prefix" value="/WEB-INF/jsp/" />
					<property name="suffix" value=".jsp" />
				</bean>
			</list>
		</property>
	</bean>
</beans>